sha	scope	type	modules	review_depth	current_mapping	conclusion
cf05a3d73c34e25cd1441fd7eea2c5955f65ac2e	H0 reachable	fix	UI3-Bar	diff semantics + H0 UI3/Draw3/State path map	H0 tracked counterpart:Inkeys/Inkeys/UI/Bar/Bar.Animation.cppm,Inkeys/Inkeys/UI/Bar/Bar.RenderLoop.cpp (2/2 changed code paths map)	静态未确认该提交引入的现存严重缺陷；模式/属性/selection 跨入口和 GUI 行为仍需专项复验
ae914033ef6c0c7dbc6228b99f66a6820894eed1	H0 reachable	fix	UI3-Bar	diff semantics + H0 UI3/Draw3/State path map	H0 tracked counterpart:Inkeys/Inkeys/UI/Bar/Bar.RenderLoop.cpp (1/1 changed code paths map)	静态未确认该提交引入的现存严重缺陷；模式/属性/selection 跨入口和 GUI 行为仍需专项复验
ea277bf26f77178c1892ebbfad10cbec28c924b7	H0 reachable	fix	UI3-Bar	diff semantics + H0 UI3/Draw3/State path map	H0 tracked counterpart:Inkeys/Inkeys/UI/Bar/Bar.Animation.cppm,Inkeys/Inkeys/UI/Bar/Bar.Initialization.cpp,Inkeys/Inkeys/UI/Bar/Bar.RenderLoop.cpp (3/3 changed code paths map)	静态未确认该提交引入的现存严重缺陷；模式/属性/selection 跨入口和 GUI 行为仍需专项复验
a6bf819c2f1722add352cf67358b32e41f05d648	H0 reachable	fix	UI3-Bar	diff semantics + H0 UI3/Draw3/State path map	H0 tracked counterpart:Inkeys/Inkeys/UI/Bar/Bar.Animation.cppm,Inkeys/Inkeys/UI/Bar/Bar.Layout.cppm,Inkeys/Inkeys/UI/Bar/Bar.RenderLoop.cpp (3/3 changed code paths map)	静态未确认该提交引入的现存严重缺陷；模式/属性/selection 跨入口和 GUI 行为仍需专项复验
6dccc5979ad9c26602fb817c5501eaf6a178ca13	H0 reachable	fix	Draw3,StateBridge,UI3-Bar	diff semantics + H0 UI3/Draw3/State path map	H0 tracked counterpart:Inkeys/IdtState.cpp,Inkeys/IdtState.h,Inkeys/Inkeys/Drawing/Draw3/Draw3.DrawingController.cpp,Inkeys/Inkeys/Drawing/Draw3/Draw3.StrokeGeometry.cpp… (9/9 changed code paths map)	静态未确认该提交引入的现存严重缺陷；模式/属性/selection 跨入口和 GUI 行为仍需专项复验
97b90fbae4c3048bac2e20ac0ed427fc33e72c8a	H0 reachable	feature	Draw3,StateBridge,UI3-Bar	diff semantics + H0 UI3/Draw3/State path map	H0 tracked counterpart:Inkeys/IdtState.cpp,Inkeys/IdtState.h,Inkeys/Inkeys/Drawing/Draw3/Draw3.Bridge.h,Inkeys/Inkeys/Drawing/Draw3/Draw3.DrawingController.cpp… (14/14 changed code paths map)	静态未确认该提交引入的现存严重缺陷；模式/属性/selection 跨入口和 GUI 行为仍需专项复验
5f6201c45492fbb01c33e1a0013c6b48431e9dff	H0 reachable	ordinary	UI3-Bar	diff semantics + H0 UI3/Draw3/State path map	H0 tracked counterpart:Inkeys/Inkeys/UI/Bar/Bar.RenderLoop.cpp (1/1 changed code paths map)	静态未确认该提交引入的现存严重缺陷；模式/属性/selection 跨入口和 GUI 行为仍需专项复验
18619a4193374b492206cc36fdafcd5625c4d967	H0 reachable	fix	UI3-Bar	diff semantics + H0 UI3/Draw3/State path map	H0 tracked counterpart:Inkeys/Inkeys/UI/Bar/Bar.Interaction.cpp,Inkeys/Inkeys/UI/Bar/Bar.Main.cppm,Inkeys/Inkeys/UI/Bar/Bar.RenderLoop.cpp,Inkeys/Inkeys/UI/Bar/Bar.State.cppm (4/4 changed code paths map)	静态未确认该提交引入的现存严重缺陷；模式/属性/selection 跨入口和 GUI 行为仍需专项复验
9064374be07fdf8b82a2b89916392816ed8b1e41	H0 reachable	fix	Draw3,UI3-Bar	diff semantics + H0 UI3/Draw3/State path map	H0 tracked counterpart:Inkeys/Inkeys/Drawing/Draw3/Draw3.DrawingController.cpp,Inkeys/Inkeys/UI/Bar/Bar.Layout.cppm,Inkeys/Inkeys/UI/Bar/Bar.RenderLoop.cpp (3/3 changed code paths map)	静态未确认该提交引入的现存严重缺陷；模式/属性/selection 跨入口和 GUI 行为仍需专项复验
39c32be1205ece6db7c076fb8dc8a5f11351c77a	H0 reachable	feature	Draw3,StateBridge,UI3-Bar	diff semantics + H0 UI3/Draw3/State path map	H0 tracked counterpart:Inkeys/IdtState.cpp,Inkeys/IdtState.h,Inkeys/Inkeys/Drawing/Draw3/Draw3.DrawingController.cpp,Inkeys/Inkeys/UI/Bar/Bar.Interaction.cpp… (6/6 changed code paths map)	静态未确认该提交引入的现存严重缺陷；模式/属性/selection 跨入口和 GUI 行为仍需专项复验
ca8d06e393652f42835b9686a586647a382917a0	H0 reachable	fix	Build,Draw3,StateBridge,UI3-Bar	diff semantics + H0 UI3/Draw3/State path map	H0 tracked counterpart:Inkeys/IdtState.cpp,Inkeys/IdtState.h,Inkeys/Inkeys/Drawing/Draw3/Draw3.Bridge.h,Inkeys/Inkeys/Drawing/Draw3/Draw3.DrawingController.cpp… (6/6 changed code paths map)	静态未确认该提交引入的现存严重缺陷；模式/属性/selection 跨入口和 GUI 行为仍需专项复验
348de674930a192a10871d79e2610b536fdbf9cf	H0 reachable	fix	Draw3,Inkeys,StateBridge,UI3-Bar	diff semantics + H0 UI3/Draw3/State path map	H0 tracked counterpart:Inkeys/IdtState.cpp,Inkeys/Inkeys/Drawing/Draw3/Draw3.DrawingController.cpp,Inkeys/Inkeys/Drawing/Draw3/Draw3.HiddenWindowTest.cpp,Inkeys/Inkeys/Drawing/Draw3/Draw3.Host.cpp… (8/8 changed code paths map)	静态未确认该提交引入的现存严重缺陷；模式/属性/selection 跨入口和 GUI 行为仍需专项复验
017883f6e77a6c78454aecb66a925f1be2807c86	H0 reachable	fix	Draw3,Host/PPT,Inkeys,StateBridge	diff semantics + H0 UI3/Draw3/State path map	H0 tracked counterpart:Inkeys/IdtMain.cpp,Inkeys/IdtState.cpp,Inkeys/Inkeys/Drawing/Draw3/Draw3.DrawingController.cpp,Inkeys/Inkeys/Drawing/Draw3/Draw3.DrawingController.cppm… (14/14 changed code paths map)	静态未确认该提交引入的现存严重缺陷；模式/属性/selection 跨入口和 GUI 行为仍需专项复验
6303e3387cf87584ab0d46684e52b38c207ab765	H0 reachable	fix	Build,Draw3,Host/PPT,Inkeys,PptCOM,StateBridge,UI3-Bar,binary	diff semantics + H0 UI3/Draw3/State path map	H0 tracked counterpart:Inkeys/IdtMain.cpp,Inkeys/IdtPlug-in.cpp,Inkeys/IdtState.cpp,Inkeys/IdtState.h… (36/36 changed code paths map)	静态未确认该提交引入的现存严重缺陷；模式/属性/selection 跨入口和 GUI 行为仍需专项复验
fc9a8b865cd8233f0fca66363dc10f35823465a4	H0 reachable	feature	Build,Draw3,Draw3-demo,Host/PPT,Inkeys,StateBridge,UI3-Bar,binary	953-file patch categories + product startup/RTS/bridge/render/presenter/failure paths + fixed-lib ABI/Win7 static review; runtime pending	H0:IdtMain->Draw3.Product/Host->GraphicsInitialization/TransparentPresentation->DrawingController/InkPrediction; 590 vendor,54 Draw3,23 other Inkeys; fixed libs restored at 13e81fa0	静态深审完成；F006 H0 DWM 自动/强制路径 confirmed，工作树修补待独立复验；F009 状态入口静态修补待 GUI；Win7/性能/崩溃运行未验证
887aba07685b433082d32693ef4aba951b6d1917	H0 reachable	code	inkStrokeModelerTest/ink.hlsli, inkStrokeModelerTest/inkPixelShader.cso, inkStrokeModelerTest/inkPixelShader.hlsl, inkStrokeModelerTest/main.cpp, inkStrokeModelerTest/renderer.h	actual demo shader/main/renderer patch + H0 shader blob and compile-boundary map; runtime pending	2025 independent demo shader; H0 Assets/inkPixelShader.hlsl differs; H0 product Draw3.Renderer/InkPrediction; old main.cpp absent main Solution	静态深审完成；旧 SDF 除零假设不能直接归因当前产品；实际像素/FL11.0 未验证
3dcd14aadda05c52e579023af40f500777650275	H0 reachable	code	inkStrokeModelerTest/ink.hlsli, inkStrokeModelerTest/inkPixelShader.cso, inkStrokeModelerTest/inkPixelShader.hlsl, inkStrokeModelerTest/inkVertexShader.cso, inkStrokeModelerTest/inkVertexShader.hlsl, inkStrokeModelerTest/main.cpp, inkStrokeModelerTest/main.h, inkStrokeModelerTest/renderer.h	actual demo shader/layout/debug-device patch + H0 source/blob/compile-boundary map; runtime pending	2025 independent demo SDF/debug renderer; H0 product shader blob differs and GraphicsInitialization uses release flags	静态深审完成；旧 demo 调试 flag/弹窗不在产品入口；GPU 运行未验证
b83d2fc49129d6fc1aa6665337d1c73d14b4840b	H0 reachable	code	inkStrokeModelerTest/inkPixelShader.hlsl, inkStrokeModelerTest/inkVertexShader.hlsl, inkStrokeModelerTest/main.cpp, inkStrokeModelerTest/main2.cpp, inkStrokeModelerTest/renderer.h	actual demo vertex/SDF/resource/HRESULT patch + H0 renderer and shader map; runtime pending	2025 independent demo InkVertex/SDF; H0 product Draw3.Renderer* and Assets evolved from later 8d045298 source	静态深审完成；历史薄弱 HRESULT 检查不能冒充现存产品缺陷；产品 GPU 失败路径运行未验证
901469d624b0a37d2d590c23c97f3b50938b6052	H0 reachable	code+project	inkStrokeModelerTest/additional/absl, inkStrokeModelerTest/additional/ink_stroke_modeler, inkStrokeModelerTest/ink.hlsli, inkStrokeModelerTest/inkPixelShader.cso, inkStrokeModelerTest/inkPixelShader.hlsl, inkStrokeModelerTest/inkStrokeModelerTest.aps, inkStrokeModelerTest/inkStrokeModelerTest.rc, inkStrokeModelerTest/inkStrokeModelerTest.vcxproj, inkStrokeModelerTest/inkStrokeModelerTest.vcxproj.filters, inkStrokeModelerTest/inkVertexShader.cso, inkStrokeModelerTest/inkVertexShader.hlsl, inkStrokeModelerTest/main.cpp	967-path deletion/resource/FxCompile patch + H0 vendor/ABI/project map; runtime pending	2025 demo removes 930 absl+23 modeler paths and embeds shaders; H0 Inkeys/additional contains 0 .cc, product uses fixed MT libs	静态深审完成；旧 demo Debug MTd 中间态已与产品 ABI 隔离；三架构 Rebuild/资源运行未验证
851e7cd8027e5e7179f7bc3a8ad8f543b6573e5d	H0 reachable	code+project	inkStrokeModelerTest/inkStrokeModelerTest.vcxproj, inkStrokeModelerTest/inkStrokeModelerTest.vcxproj.filters, inkStrokeModelerTest/main.cpp, inkStrokeModelerTest/main.h, inkStrokeModelerTest/renderer.h, inkStrokeModelerTest/shader.hlsl	actual main/renderer/disk-HLSL refactor patch + H0 compile-boundary map; runtime pending	2025 demo main.h/renderer.h/shader.hlsl not in H0 InkeysRepo.sln; product uses Draw3.Renderer* and embedded Assets	静态深审完成；历史每笔创建 VB/磁盘编译不等于当前产品热路径；产品性能未验证
5fc6cd8c62a158b8b5500efae112ee10716dbcf3	H0 reachable	code+project	.gitignore, inkStrokeModelerTest.sln, inkStrokeModelerTest/HiEasyX.h, inkStrokeModelerTest/HiEasyX/HiCanvas.cpp, inkStrokeModelerTest/HiEasyX/HiCanvas.h, inkStrokeModelerTest/HiEasyX/HiContainer.cpp, inkStrokeModelerTest/HiEasyX/HiContainer.h, inkStrokeModelerTest/HiEasyX/HiDef.h, inkStrokeModelerTest/HiEasyX/HiDrawingProperty.cpp, inkStrokeModelerTest/HiEasyX/HiDrawingProperty.h, inkStrokeModelerTest/HiEasyX/HiFPS.cpp, inkStrokeModelerTest/HiEasyX/HiFPS.h	1610-path vendor/demo import manifest, license/version/blob/ABI/advisory review; runtime pending	2025 demo HiEasyX/vendor import; H0 main Solution excludes demo; 351 absl+18 modeler H0 source blobs equal 8d045298; three fixed libs checked	静态深审完成；官方仓库当前无已发布 advisory 不证明安全；固定库来源/许可包/Win7 运行未验证
12fabc3cead5aa8497cb5248756498612970c5dc	H0 reachable	mixed	.gitattributes, LICENSE, README.md	root .gitattributes/GPLv3 LICENSE/README patch + H0 NOTICE/license map	2025 source root docs/license; H0 root NOTICE and ThirdpartyLicenses/Apache License 2.0; no product execution path	静态深审完成；执行期不适用；发布包许可证/NOTICE 是否随附未验证
